{
  "name": "jgrowl",
  "filename": "jquery.jgrowl.min.js",
  "title": "jQuery jGrowl",
  "description": "jGrowl is a jQuery plugin that raises unobtrusive messages within the browser, similar to the way that OS X's Growl Framework works. The idea is simple, deliver notifications to the end user in a noticeable way that doesn't obstruct the work flow and yet keeps the user informed.",
  "keywords": [
    "message",
    "toaster",
    "notification",
    "growl"
  ],
  "version": "1.3.0",
  "author": {
    "name": "Stan Lemon",
    "email": "stosh1985@gmail.com",
    "url": "http://stanlemon.net"
  },
  "maintainers": [
    {
      "name": "Stan Lemon",
      "email": "stosh1985@gmail.com",
      "url": "http://stanlemon.net"
    }
  ],
  "licenses": [
    {
      "type": "MIT",
      "url": "https://github.com/stanlemon/jGrowl/blob/master/LICENSE"
    }
  ],
  "bugs": "https://github.com/stanlemon/jGrowl/issues",
  "homepage": "https://github.com/stanlemon/jGrowl",
  "docs": "https://github.com/stanlemon/jGrowl",
  "download": "https://github.com/stanlemon/jGrowl/archive/master.zip",
  "dependencies": {
    "jquery": ">=1.4"
  }
}